{
    "pos": [
        4,
        6,
        6,
        8,
        5,
        6,
        1,
        6,
        6,
        7
    ],
    "chrm": [
        "chr1",
        "chr1",
        "chr6",
        "chr9",
        "chr11",
        "chr5",
        "chr14",
        "chr20",
        "chr20",
        "chr19"
    ],
    "asb": [
        27155472,
        244322871,
        25963738,
        128416000,
        9568842,
        140398472,
        61355898,
        1400199,
        1400199,
        52142199
    ],
    "window_start": [
        27154285,
        244321961,
        25962582,
        128415036,
        9567831,
        140397512,
        61354935,
        1399027,
        1399027,
        52141269
    ],
    "peak_start": [
        27155192,
        244322903,
        25963479,
        128416009,
        9568717,
        140398496,
        61355889,
        1400002,
        1400002,
        52142184
    ],
    "peak_end": [
        27155493,
        244323133,
        25963799,
        128416177,
        9569060,
        140398642,
        61356095,
        1400166,
        1400166,
        52142469
    ],
    "ref": [
        "G",
        "C",
        "C",
        "C",
        "C",
        "A",
        "C",
        "C",
        "C",
        "C"
    ],
    "alt": [
        "A",
        "T",
        "T",
        "A",
        "T",
        "G",
        "T",
        "T",
        "T",
        "A"
    ],
    "0": [
        -1.9384408e-05,
        -0.000107345906,
        -0.00010511617,
        -0.0008656517,
        -4.7454378e-05,
        -0.00041823235,
        -0.00015201946,
        -1.5979016e-05,
        -1.5979016e-05,
        -0.0006319068
    ],
    "1": [
        1.14047625e-05,
        -5.6382964e-05,
        -5.139289e-05,
        0.000497844,
        1.9903846e-05,
        -0.00037338727,
        -0.00042853804,
        -0.00024761204,
        -0.00024761204,
        5.590352e-05
    ],
    "2": [
        -4.048379e-05,
        -6.3486164e-05,
        -9.893505e-06,
        -0.00026527172,
        -7.092898e-06,
        -0.00018315039,
        4.5942877e-05,
        -0.00014828739,
        -0.00014828739,
        -0.0008179922
    ],
    "3": [
        1.5443326e-06,
        -3.5906945e-05,
        0.00017419111,
        -0.0010908205,
        3.5531e-05,
        5.972847e-05,
        -0.00029792482,
        -0.00026859832,
        -0.00026859832,
        -0.0005519222
    ],
    "fc": [
        1.0833333333333333,
        0.6410256410256411,
        0.6666666666666666,
        0.8571428571428571,
        1.75,
        1.1,
        0.875,
        0.5555555555555556,
        0.6428571428571429,
        1.0
    ],
    "p": [
        0.8175538505509841,
        0.1034218783160808,
        0.75390625,
        1.0,
        0.548828125,
        0.6964676629916764,
        0.8555355519056321,
        0.4239501953125,
        0.4048728942871094,
        1.0
    ]
}