{
    "pos": [
        5
    ],
    "chrm": [
        "chr9"
    ],
    "asb": [
        137785243
    ],
    "window_start": [
        137783449
    ],
    "peak_start": [
        137784410
    ],
    "peak_end": [
        137784602
    ],
    "ref": [
        "G"
    ],
    "alt": [
        "C"
    ],
    "0": [
        1.2527613e-06
    ],
    "1": [
        5.706198e-07
    ],
    "2": [
        -1.1988917e-06
    ],
    "3": [
        1.9518716e-06
    ],
    "fc": [
        0.625
    ],
    "p": [
        0.5810546875
    ]
}