{
    "pos": [
        2,
        2,
        8
    ],
    "chrm": [
        "chr6",
        "chr8",
        "chr18"
    ],
    "asb": [
        90845775,
        127294837,
        36590956
    ],
    "window_start": [
        90844601,
        127293731,
        36589669
    ],
    "peak_start": [
        90845359,
        127294632,
        36590423
    ],
    "peak_end": [
        90845957,
        127294945,
        36591029
    ],
    "ref": [
        "C",
        "C",
        "C"
    ],
    "alt": [
        "T",
        "T",
        "A"
    ],
    "0": [
        -0.00014952396,
        -0.0003967768,
        -0.0032428578
    ],
    "1": [
        -0.0006064255,
        -0.001884847,
        -0.0012237164
    ],
    "2": [
        -0.00023212314,
        -0.001933717,
        -0.00058867416
    ],
    "3": [
        -0.0001159054,
        -0.0006069117,
        -0.0029905455
    ],
    "fc": [
        1.108108108108108,
        0.8,
        1.6
    ],
    "p": [
        0.7343420330298466,
        0.7011080384254456,
        0.5810546875
    ],
    "fdr": [
        1.0,
        1.0,
        1.0
    ]
}