{
    "pos": [
        4,
        12
    ],
    "chrm": [
        "chr6",
        "chr11"
    ],
    "asb": [
        25963738,
        9568842
    ],
    "window_start": [
        25962582,
        9567831
    ],
    "peak_start": [
        25963479,
        9568717
    ],
    "peak_end": [
        25963799,
        9569060
    ],
    "ref": [
        "C",
        "C"
    ],
    "alt": [
        "T",
        "T"
    ],
    "0": [
        -0.00010511617,
        -4.7454378e-05
    ],
    "1": [
        -5.139289e-05,
        1.9903846e-05
    ],
    "2": [
        -9.893505e-06,
        -7.092898e-06
    ],
    "3": [
        0.00017419111,
        3.5531e-05
    ],
    "fc": [
        0.6666666666666666,
        1.75
    ],
    "p": [
        0.75390625,
        0.548828125
    ],
    "fdr": [
        0.934259588068182,
        0.934259588068182
    ]
}