{
    "pos": [
        6,
        11,
        10,
        8,
        6,
        3,
        11,
        13,
        4,
        2,
        1,
        4
    ],
    "chrm": [
        "chr1",
        "chr6",
        "chr16",
        "chr2",
        "chr8",
        "chr11",
        "chr11",
        "chr11",
        "chr4",
        "chr13",
        "chr17",
        "chr19"
    ],
    "asb": [
        22832897,
        28141484,
        2205221,
        191247926,
        116517823,
        126211441,
        43359775,
        578759,
        48334354,
        42110747,
        80891830,
        49149945
    ],
    "window_start": [
        22831295,
        28140580,
        2204292,
        191246779,
        116516741,
        126210489,
        43358679,
        577740,
        48333324,
        42109706,
        80890891,
        49149015
    ],
    "peak_start": [
        22831692,
        28141182,
        2204977,
        191247649,
        116517557,
        126211317,
        43359320,
        578700,
        48334039,
        42110193,
        80891339,
        49149166
    ],
    "peak_end": [
        22833013,
        28142093,
        2205722,
        191248023,
        116518039,
        126211776,
        43360152,
        578895,
        48334724,
        42111333,
        80892558,
        49150978
    ],
    "ref": [
        "CAG",
        "T",
        "C",
        "A",
        "C",
        "T",
        "G",
        "A",
        "T",
        "CCAC",
        "A",
        "C"
    ],
    "alt": [
        "CAGAG",
        "C",
        "T",
        "G",
        "T",
        "C",
        "A",
        "G",
        "C",
        "CCACAC",
        "G",
        "T"
    ],
    "0": [
        -2.2135e-05,
        -0.003135204,
        -0.0056600547,
        0.0061823283,
        -0.00016171478,
        -0.003515668,
        0.009153137,
        -0.0005894652,
        0.0031694416,
        -0.00096409646,
        -0.007884736,
        -0.0030135072
    ],
    "1": [
        -1.1348247e-05,
        -0.000664234,
        -0.0021836131,
        -0.0057038637,
        0.00066045177,
        -0.001048853,
        0.004764092,
        -0.014735487,
        -0.008830357,
        0.0010535058,
        2.1739119e-05,
        -0.0016536935
    ],
    "2": [
        2.0696403e-05,
        0.0020202906,
        -0.00786343,
        0.0012903053,
        -0.0002910119,
        -0.0016019766,
        0.005399398,
        0.0077403425,
        0.0056824866,
        0.0009982672,
        -7.390489e-05,
        -0.00334813
    ],
    "3": [
        1.47597575e-05,
        -0.0054070735,
        0.009708561,
        -0.007788669,
        2.3479179e-05,
        -0.0036732988,
        -0.015958602,
        -0.01735658,
        0.010040588,
        -0.00010119588,
        -0.0054317303,
        0.00033969418
    ],
    "fc": [
        0.7857142857142857,
        0.8,
        1.0,
        0.4285714285714285,
        0.5,
        1.3333333333333333,
        0.8333333333333334,
        0.7142857142857143,
        0.6666666666666666,
        1.4615384615384617,
        0.7142857142857143,
        0.7142857142857143
    ],
    "p": [
        0.6900379657745361,
        0.7011080384254456,
        1.0,
        0.34375,
        0.3876953125,
        0.79052734375,
        1.0,
        0.7744140625,
        0.75390625,
        0.3770855874754488,
        0.7744140625,
        0.7744140625
    ],
    "fdr": [
        1.0,
        1.0,
        1.0,
        0.9434654148191256,
        0.9661655754651964,
        1.0,
        1.0,
        1.0,
        1.0,
        0.9661655754651964,
        1.0,
        1.0
    ]
}