{
    "pos": [
        0,
        3,
        1,
        2,
        7,
        5,
        1,
        2,
        2,
        0
    ],
    "chrm": [
        "chr1",
        "chr3",
        "chr16",
        "chr9",
        "chr15",
        "chr4",
        "chr18",
        "chr18",
        "chr17",
        "chr17"
    ],
    "asb": [
        48026496,
        112075110,
        22623768,
        108479180,
        36591121,
        186729037,
        45803143,
        54538498,
        43468920,
        43469190
    ],
    "window_start": [
        48025478,
        112073921,
        22622599,
        108477919,
        36590063,
        186728046,
        45801967,
        54537971,
        43468065,
        43468065
    ],
    "peak_start": [
        48026385,
        112074532,
        22623449,
        108478737,
        36591023,
        186728990,
        45802776,
        54537544,
        43468885,
        43468885
    ],
    "peak_end": [
        48026686,
        112075425,
        22623863,
        108479216,
        36591218,
        186729216,
        45803273,
        54540512,
        43469360,
        43469360
    ],
    "ref": [
        "AAAGAAGA",
        "G",
        "CTT",
        "C",
        "C",
        "T",
        "G",
        "C",
        "G",
        "A"
    ],
    "alt": [
        "AAAGA",
        "A",
        "C",
        "G",
        "T",
        "G",
        "A",
        "G",
        "T",
        "G"
    ],
    "0": [
        -0.002133935,
        -0.003720987,
        -0.0023422146,
        -0.019610686,
        -0.0032668987,
        -0.0011720926,
        0.0003522684,
        -6.964291e-05,
        -0.0006707685,
        -0.00027449793
    ],
    "1": [
        -0.005147857,
        -0.00055629335,
        -0.0009804646,
        -0.0046915784,
        -0.0026565145,
        -0.0020419229,
        0.0007709786,
        0.00024076295,
        -7.1353905e-05,
        0.00056384574
    ],
    "2": [
        -0.0059070205,
        -0.0085720355,
        -0.0003210947,
        0.003802588,
        0.0006074474,
        -0.0006372257,
        0.0013905469,
        0.00012823036,
        0.00031052154,
        0.0005446154
    ],
    "3": [
        0.00048789583,
        0.005644431,
        -0.00071363087,
        0.00013649893,
        -0.0029805943,
        -0.0016074021,
        -0.00035570358,
        0.0001295347,
        -0.0009974587,
        -0.001253173
    ],
    "fc": [
        0.6153846153846154,
        0.2,
        0.7142857142857143,
        2.25,
        0.6666666666666666,
        1.0,
        1.0833333333333333,
        0.4,
        1.1538461538461535,
        1.3333333333333333
    ],
    "p": [
        0.383310317993164,
        0.03857421875,
        0.7744140625,
        0.266845703125,
        0.75390625,
        1.0,
        1.0,
        0.1795654296875,
        0.8505540192127228,
        0.3496819529836847
    ],
    "fdr": [
        0.9487503175813008,
        0.6758156158357771,
        1.0,
        0.9226512738853504,
        1.0,
        1.0,
        1.0,
        0.87987060546875,
        1.0,
        0.9291045081168016
    ]
}