{
    "pos": [
        3,
        0
    ],
    "chrm": [
        "chr11",
        "chrX"
    ],
    "asb": [
        69498801,
        462080
    ],
    "window_start": [
        69497521,
        461069
    ],
    "peak_start": [
        69498471,
        461582
    ],
    "peak_end": [
        69498686,
        462671
    ],
    "ref": [
        "G",
        "A"
    ],
    "alt": [
        "A",
        "T"
    ],
    "0": [
        0.0067719943,
        -0.0004835858
    ],
    "1": [
        0.0010392651,
        -6.868191e-05
    ],
    "2": [
        0.0027902415,
        1.6089174e-05
    ],
    "3": [
        -0.00025070988,
        -0.00028108605
    ],
    "fc": [
        1.1666666666666667,
        1.5
    ],
    "p": [
        1.0,
        0.0568879336409807
    ]
}