{
    "pos": [
        12,
        4,
        11,
        12,
        2,
        0
    ],
    "chrm": [
        "chr2",
        "chr8",
        "chr9",
        "chr22",
        "chr13",
        "chr17"
    ],
    "asb": [
        89814899,
        26157595,
        98223544,
        10727739,
        33697281,
        26881040
    ],
    "window_start": [
        89813725,
        26156610,
        98222298,
        10726733,
        33696273,
        26880201
    ],
    "peak_start": [
        89814087,
        26157475,
        98223109,
        10725056,
        33697187,
        26880948
    ],
    "peak_end": [
        89815477,
        26157859,
        98223601,
        10730524,
        33697473,
        26881568
    ],
    "ref": [
        "C",
        "G",
        "T",
        "T",
        "C",
        "G"
    ],
    "alt": [
        "T",
        "A",
        "G",
        "A",
        "A",
        "A"
    ],
    "0": [
        -0.00045879814,
        -0.00010394945,
        0.00033898788,
        -0.00012686026,
        0.00028555605,
        -0.00082184357
    ],
    "1": [
        -0.00033202706,
        -0.00080954994,
        1.9968966e-05,
        -0.00076679996,
        -0.00033656528,
        -0.00018309844
    ],
    "2": [
        -0.0005354206,
        -9.216579e-05,
        -0.00046279738,
        -0.00089383713,
        -0.0001917358,
        -0.0010280304
    ],
    "3": [
        0.0001165173,
        -0.0005738691,
        0.0001530007,
        -0.00028184248,
        0.0001856323,
        -5.528806e-05
    ],
    "fc": [
        2.333333333333333,
        0.25,
        2.0,
        0.4444444444444444,
        0.6666666666666666,
        1.0
    ],
    "p": [
        0.34375,
        0.109375,
        0.3017578124999999,
        0.266845703125,
        0.5034446716308594,
        1.0
    ],
    "fdr": [
        0.6228244743733025,
        0.314453125,
        0.6126862676374817,
        0.5629842428336466,
        0.7963166564803784,
        1.0
    ]
}