{
    "pos": [
        15,
        15,
        15,
        17,
        9,
        16,
        18,
        18,
        11,
        2,
        4,
        5,
        3,
        15,
        10
    ],
    "chrm": [
        "chr3",
        "chr3",
        "chr2",
        "chr2",
        "chr8",
        "chr9",
        "chr12",
        "chr22",
        "chr13",
        "chr17",
        "chr17",
        "chr17",
        "chr17",
        "chr21",
        "chr21"
    ],
    "asb": [
        110527545,
        110527545,
        201854792,
        89814899,
        26157595,
        98223544,
        107436579,
        10727739,
        18212081,
        26808353,
        26859040,
        26881040,
        26881210,
        7919550,
        7924860
    ],
    "window_start": [
        110525950,
        110526586,
        201853715,
        89813725,
        26156610,
        98222298,
        107435624,
        10726733,
        18211067,
        26807408,
        26857720,
        26880201,
        26880201,
        7919385,
        7923726
    ],
    "peak_start": [
        110526914,
        110527458,
        201854481,
        89814087,
        26157475,
        98223109,
        107436479,
        10725056,
        18211790,
        26808007,
        26857854,
        26880948,
        26880948,
        7920317,
        7924549
    ],
    "peak_end": [
        110527101,
        110527829,
        201855064,
        89815477,
        26157859,
        98223601,
        107436883,
        10730524,
        18212459,
        26808923,
        26859700,
        26881568,
        26881568,
        7920568,
        7925018
    ],
    "ref": [
        "G",
        "G",
        "T",
        "C",
        "G",
        "T",
        "C",
        "T",
        "G",
        "T",
        "C",
        "G",
        "C",
        "T",
        "T"
    ],
    "alt": [
        "A",
        "A",
        "C",
        "T",
        "A",
        "G",
        "T",
        "A",
        "T",
        "C",
        "T",
        "A",
        "G",
        "C",
        "C"
    ],
    "0": [
        2.0641744e-05,
        -0.0017542528,
        -0.0010366917,
        -0.00045879814,
        -0.00010394945,
        0.00033898788,
        -0.0008929683,
        -0.00012686026,
        -0.0011703324,
        -0.00020873616,
        -0.0011218486,
        -0.00082184357,
        0.0007779302,
        7.9013255e-08,
        -0.00023309817
    ],
    "1": [
        -1.8759736e-05,
        -0.0019671945,
        0.00064707146,
        -0.00033202706,
        -0.00080954994,
        1.9968966e-05,
        -0.0017319737,
        -0.00076679996,
        -0.0030516959,
        -0.0006899762,
        -0.000118346965,
        -0.00018309844,
        -0.0010744126,
        7.096481e-09,
        -8.8128705e-05
    ],
    "2": [
        1.8183833e-05,
        -0.001825396,
        -0.00065923686,
        -0.0005354206,
        -9.216579e-05,
        -0.00046279738,
        -0.0020753918,
        -0.00089383713,
        6.2999956e-05,
        -0.00051056297,
        -0.0004014236,
        -0.0010280304,
        -0.0008744795,
        8.750191e-08,
        0.00032417124
    ],
    "3": [
        -6.716515e-06,
        -0.00012493576,
        0.002202781,
        0.0001165173,
        -0.0005738691,
        0.0001530007,
        -0.0017799762,
        -0.00028184248,
        -0.0038492188,
        0.00014904949,
        0.00013740399,
        -5.528806e-05,
        -0.0004806828,
        1.6129535e-07,
        -0.000304393
    ],
    "fc": [
        4.5,
        4.5,
        1.5555555555555556,
        2.333333333333333,
        0.25,
        2.0,
        1.32,
        0.4444444444444444,
        3.333333333333333,
        1.2,
        0.6666666666666666,
        1.0,
        0.6666666666666666,
        1.3333333333333333,
        0.3
    ],
    "p": [
        0.0654296875,
        0.0654296875,
        0.4048728942871094,
        0.34375,
        0.109375,
        0.3017578124999999,
        0.358143301806138,
        0.266845703125,
        0.09228515625,
        1.0,
        0.75390625,
        1.0,
        0.5034446716308594,
        0.6636238098144531,
        0.09228515625
    ],
    "fdr": [
        0.239056905110677,
        0.239056905110677,
        0.6786579100176995,
        0.6228244743733025,
        0.314453125,
        0.6126862676374817,
        0.6450257412503358,
        0.5629842428336466,
        0.3023840476580698,
        1.0,
        0.9213680041376306,
        1.0,
        0.7963166564803784,
        0.9213680041376306,
        0.3023840476580698
    ]
}