{
    "pos": [
        12,
        8,
        10,
        0,
        5,
        12
    ],
    "chrm": [
        "chr1",
        "chr2",
        "chr2",
        "chr13",
        "chr21",
        "chr7"
    ],
    "asb": [
        197131426,
        216373080,
        89814899,
        33697281,
        7926866,
        36820875
    ],
    "window_start": [
        197130131,
        216371955,
        89813725,
        33696273,
        7926209,
        36819886
    ],
    "peak_start": [
        197130832,
        216372870,
        89814087,
        33697187,
        7927078,
        36820822
    ],
    "peak_end": [
        197131544,
        216373154,
        89815477,
        33697473,
        7927454,
        36821065
    ],
    "ref": [
        "C",
        "A",
        "C",
        "C",
        "C",
        "G"
    ],
    "alt": [
        "A",
        "T",
        "T",
        "A",
        "A",
        "C"
    ],
    "0": [
        0.000115249124,
        -0.00041466244,
        -0.00045879814,
        0.00028555605,
        -0.000564539,
        -0.00044234237
    ],
    "1": [
        -0.0020066109,
        -0.004075209,
        -0.00033202706,
        -0.00033656528,
        0.00019155943,
        -0.00034063504
    ],
    "2": [
        -0.0013044367,
        -0.0023993074,
        -0.0005354206,
        -0.0001917358,
        -0.0003265978,
        -0.00017189221
    ],
    "3": [
        -0.00040936537,
        0.003335751,
        0.0001165173,
        0.0001856323,
        0.00047456892,
        -0.00011920913
    ],
    "fc": [
        1.0,
        2.0,
        2.333333333333333,
        0.6666666666666666,
        0.3333333333333333,
        0.6666666666666666
    ],
    "p": [
        1.0,
        0.1892471313476562,
        0.34375,
        0.5034446716308594,
        0.14599609375,
        0.75390625
    ],
    "fdr": [
        1.0,
        0.4562091499669444,
        0.6228244743733025,
        0.7963166564803784,
        0.3758394853784403,
        0.9213680041376306
    ]
}